<?xml version="1.0" encoding="UTF-8"?>
<addon id="plugin.video.charge.tva" name="Charge!" provider-name="mhancoc7" version="0.1.2">
    <requires>
        <import addon="xbmc.python" version="2.1.0" />
    </requires>
    <extension library="default.py" point="xbmc.python.pluginsource">
        <provides>video</provides>
    </extension>
    <extension point="xbmc.addon.metadata">
        <summary>Charge! Live TV</summary>
        <description>Please visit [COLOR blue]https://www.tvaddons.co[/COLOR] for addon support! CHARGE! is a new free broadcast network featuring action programming including movies, series and sports entertainment.</description>
        <platform>all</platform>
        <forum>https://www.tvaddons.co/forums/</forum>
        <website>https://www.tvaddons.co/</website>
    </extension>
</addon>
