<?xml version="1.0" encoding="UTF-8"?>
<addon id="plugin.video.spirittv.tva" name="Spirit TV" provider-name="mhancoc7" version="0.1.0">
    <requires>
        <import addon="xbmc.python" version="2.1.0" />
        <import addon="script.module.m7lib" version="0.1.0" />
    </requires>
    <extension library="default.py" point="xbmc.python.pluginsource">
        <provides>video</provides>
    </extension>
    <extension point="xbmc.addon.metadata">
        <summary>Spirit TV</summary>
        <description>Please visit [COLOR blue]https://www.tvaddons.co[/COLOR] for addon support! Listen live 24/7 for bands like twenty one pilots, Lecrae, The Devil Wears Prada, Emery, and RED. The RIOT with Obadiah and Nikki every morning, RadioU’s Most Wanted, and more.</description>
        <platform>all</platform>
        <forum>https://www.tvaddons.co/forums/</forum>
        <website>https://www.tvaddons.co/</website>
    </extension>
</addon>
