<?xml version='1.0' encoding='utf-8'?>
<addon id="plugin.video.animaltv" name="Animal TV" provider-name="mhancoc7" version="0.4.8">
    <requires>
        <import addon="xbmc.python" version="3.0.0" />
        <import addon="script.module.m7lib" version="0.1.0" />
    </requires>
    <extension library="default.py" point="xbmc.python.pluginsource">
        <provides>video</provides>
    </extension>
    <extension point="xbmc.addon.metadata">
        <summary>Watch live streams of animals!</summary>
        <description>Please support the continued development of Animal TV by becoming a Patron [COLOR lightskyblue]https://patreon.m7kodi.dev/[/COLOR]</description>
        <platform>all</platform>
        <website>https://m7kodi.dev</website>
    </extension>
</addon>