<?xml version='1.0' encoding='utf-8'?>
<addon id="plugin.video.tubi.m7" name="Tubi" provider-name="mhancoc7" version="0.2.0">
    <requires>
        <import addon="script.module.m7lib" version="0.1.0" />
    </requires>
    <extension library="default.py" point="xbmc.python.pluginsource">
        <provides>video</provides>
    </extension>
    <extension point="xbmc.addon.metadata">
        <summary>Tubi</summary>
        <description>Please support the continued development of Tubi by becoming a Patron [COLOR
            lightskyblue]https://patreon.m7kodi.dev/[/COLOR]
        </description>
        <platform>all</platform>
        <website>https://m7kodi.dev</website>
        <assets>
            <icon>icon.png</icon>
            <fanart>fanart.jpg</fanart>
        </assets>
    </extension>
</addon>