<?xml version="1.0" encoding="UTF-8"?>
<addon id="plugin.video.freelivetv.tva" name="Free Live TV" provider-name="mhancoc7" version="0.1.6">
    <requires>
        <import addon="xbmc.python" version="2.1.0" />
        <import addon="plugin.video.youtube" version="5.5.1"/>
        <import addon="plugin.video.aljazeera.tva" version="0.1.0"/>
        <import addon="plugin.video.bloomberg.tva" version="0.1.0"/>
        <import addon="plugin.video.cbsnews.tva" version="0.1.0"/>
        <import addon="plugin.video.comet.tva" version="0.1.0"/>
        <import addon="plugin.video.charge.tva" version="0.1.0"/>
        <import addon="plugin.video.cheddar.tva" version="0.1.0"/>
        <import addon="plugin.video.hsn.tva" version="0.1.0"/>
        <import addon="plugin.video.newsylive.tva" version="0.1.0"/>
        <import addon="plugin.video.skynews.tva" version="0.1.0"/>
        <import addon="plugin.video.rt.tva" version="0.1.0"/>
        <import addon="plugin.video.tbd.tva" version="0.1.0"/>

    </requires>
    <extension library="default.py" point="xbmc.python.pluginsource">
        <provides>video</provides>
    </extension>
    <extension point="xbmc.addon.metadata">
        <summary>Free Live TV</summary>
        <description>Please visit [COLOR blue]https://www.tvaddons.co[/COLOR] for addon support! Free Live TV!</description>
        <platform>all</platform>
        <forum>https://www.tvaddons.co/forums/</forum>
        <website>https://www.tvaddons.co/</website>
    </extension>
</addon>
