<?xml version="1.0" encoding="UTF-8"?>
<addon id="plugin.video.tufftv.tva" name="Tuff TV Live" provider-name="mhancoc7" version="0.1.1">
    <requires>
        <import addon="xbmc.python" version="2.1.0" />
    </requires>
    <extension library="default.py" point="xbmc.python.pluginsource">
        <provides>video</provides>
    </extension>
    <extension point="xbmc.addon.metadata">
        <summary>Tuff TV Live</summary>
        <description>Please visit [COLOR blue]https://www.tvaddons.co[/COLOR] for addon support! Tuff TV Live!</description>
        <platform>all</platform>
        <forum>https://www.tvaddons.co/forums/</forum>
        <website>https://www.tvaddons.co/</website>
    </extension>
</addon>
