<?xml version="1.0" encoding="UTF-8"?>
<addon id="plugin.video.charge.tva" name="24/7 Retro TV" provider-name="mhancoc7" version="0.1.0">
    <requires>
        <import addon="xbmc.python" version="2.1.0" />
        <import addon="script.module.m7lib" version="0.1.0" />
    </requires>
    <extension library="default.py" point="xbmc.python.pluginsource">
        <provides>video</provides>
    </extension>
    <extension point="xbmc.addon.metadata">
        <summary>24/7 Retro TV</summary>
        <description>Please visit [COLOR blue]https://www.tvaddons.co[/COLOR] for addon support! Enjoy favorite classic television characters featured in popular shows including Dragnet, The Lone Ranger, Sherlock Holmes, Tales of Tomorrow, Studio One, The Adventures of Robin Hood, The Adventures of Sir Lancelot, Trouble With Father, and many more.</description>
        <platform>all</platform>
        <forum>https://www.tvaddons.co/forums/</forum>
        <website>https://www.tvaddons.co/</website>
    </extension>
</addon>
