<?xml version="1.0" encoding="UTF-8"?>
<addon id="plugin.video.catholictvnetwork.tva" name="Catholic TV Network" provider-name="mhancoc7" version="0.1.0">
    <requires>
        <import addon="xbmc.python" version="2.1.0" />
        <import addon="script.module.m7lib" version="0.1.0" />
    </requires>
    <extension library="default.py" point="xbmc.python.pluginsource">
        <provides>video</provides>
    </extension>
    <extension point="xbmc.addon.metadata">
        <summary>Catholic TV Network</summary>
        <description>Please visit [COLOR blue]https://www.tvaddons.co[/COLOR] for addon support! CatholicTV is a beacon of Hope and a unique Herald of the simple, yet profound Message of Jesus Christ, Who is made truly present among us in the Breaking of the Bread. Utilizing powerful technology, we strive to connect People of Faith. Through relevant, inspiring and prayerful programming we educate, teaching the Wisdom of God in the Catholic Tradition, endeavoring to move people of all ages, cultures and attitudes toward the Fullness of Life.</description>
        <platform>all</platform>
        <forum>https://www.tvaddons.co/forums/</forum>
        <website>https://www.tvaddons.co/</website>
    </extension>
</addon>
