<?xml version="1.0" encoding="UTF-8"?>
<addon id="plugin.video.team.kodi.youtube.channel" name="Team Kodi YouTube Channel" provider-name="mhancoc7" version="0.1.9">
    <requires>
        <import addon="xbmc.python" version="2.1.0" />
        <import addon="script.module.liveresolver"/>
    </requires>
    <extension library="main.py" point="xbmc.python.pluginsource">
        <provides>video</provides>
    </extension>
    <extension point="xbmc.addon.metadata">
        <summary>Team Kodi YouTube Channel</summary>
        <description>Please visit [COLOR blue]https://www.tvaddons.co[/COLOR] for addon support! All the best from the Official Team Kodi YouTube Channel!</description>
        <platform>all</platform>
        <forum>https://tvaddons.co/forums/</forum>
        <website>https://tvaddons.co/</website>
    </extension>
</addon>
