<?xml version='1.0' encoding='utf-8'?>
<addon id="script.module.m7lib" name="m7lib" provider-name="mhancoc7" version="0.9.9">
    <requires>
        <import addon="plugin.video.youtube" version="5.5.1" />
    </requires>
    <extension library="lib" point="xbmc.python.module" />
    <extension point="xbmc.addon.metadata">
        <description lan="en">Please support the continued development of m7lib by becoming a Patron [COLOR lightskyblue]https://patreon.m7kodi.dev/[/COLOR]</description>
        <summary lang="en">mhancoc7 Common Functions</summary>
        <platform>all</platform>
        <website>https://m7kodi.dev</website>
    </extension>
</addon>