<?xml version="1.0" encoding="UTF-8"?>
<addon id="plugin.video.tubi.m7" name="Tubi" provider-name="mhancoc7" version="0.1.3">
    <requires>
        <import addon="xbmc.python" version="2.1.0" />
        <import addon="script.module.m7lib" version="0.1.0" />
    </requires>
    <extension library="default.py" point="xbmc.python.pluginsource">
        <provides>video</provides>
    </extension>
    <extension point="xbmc.addon.metadata">
        <summary>Tubi</summary>
        <description>Please visit [COLOR lightskyblue]https://www.tvaddons.co[/COLOR] for addon support! Tubi!</description>
        <platform>all</platform>
        <forum>https://www.tvaddons.co/forums/</forum>
        <website>https://www.tvaddons.co/</website>
    </extension>
</addon>
