<?xml version='1.0' encoding='UTF-8' standalone='yes'?>
<addon id="script.module.m7lib" name="mhancoc7 Common Functions" provider-name="mhancoc7" version="0.4.5">
    <requires>
        <import addon="xbmc.python" version="2.20.0"/>
        <import addon="plugin.video.youtube" version="5.5.1"/>
    </requires>
    <extension point="xbmc.python.module" library="lib"/>
    <extension point="xbmc.addon.metadata">
        <description lan="en">mhancoc7 Common Functions</description>
        <summary lang="en">mhancoc7 Common Functions</summary>
        <disclaimer lang="en"></disclaimer>
        <license>GNU GENERAL PUBLIC LICENSE. Version 2, June 1991</license>
        <platform>all</platform>
        <email></email>
        <website></website>
        <forum></forum>
        <source></source>
        <language></language>
    </extension>
</addon>
