<?xml version='1.0' encoding='UTF-8' standalone='yes'?>
<addon id="script.module.m7lib" name="m7lib" provider-name="mhancoc7" version="0.5.8">
    <requires>
        <import addon="xbmc.python" version="2.20.0"/>
        <import addon="plugin.video.youtube" version="5.5.1"/>
    </requires>
    <extension point="xbmc.python.module" library="lib"/>
    <extension point="xbmc.addon.metadata">
        <description lan="en">mhancoc7 Common Functions</description>
        <summary lang="en">mhancoc7 Common Functions</summary>
        <license>GNU GENERAL PUBLIC LICENSE. Version 2, June 1991</license>
        <platform>all</platform>
    </extension>
</addon>
