<?xml version="1.0" encoding="UTF-8" standalone="yes"?>
<addon id="plugin.video.bhg.uktvplay" name="UKTV Play" version="1.0.1" provider-name="mhancoc7">
    <requires>
        <import addon="xbmc.python" version="2.1.0"/>
    </requires>
    <extension point="xbmc.python.pluginsource" library="default.py">
        <provides>video</provides>
    </extension>
    <extension point="xbmc.addon.metadata">
        <platform>all</platform>
        <summary>UKTV Play</summary>
        <description>Watch catch-up TV from the UKTV Play service.</description>
		<disclaimer lang="en">The author is not responsible for the media you find in this add-on.</disclaimer>
    </extension>
	
</addon>
