<?xml version="1.0" encoding="UTF-8"?>
<addon id="plugin.video.tbd.tva" name="TBD TV" provider-name="mhancoc7" version="0.1.0">
    <requires>
        <import addon="xbmc.python" version="2.1.0" />
    </requires>
    <extension library="default.py" point="xbmc.python.pluginsource">
        <provides>video</provides>
    </extension>
    <extension point="xbmc.addon.metadata">
        <summary>TBD TV Live</summary>
        <description>Please visit [COLOR blue]https://www.tvaddons.co[/COLOR] for addon support! Everything from culinary capers, jaw-dropping action, hilarious pranks and comedy, music, fitness, gaming, or just random awesomeness that you never knew you needed in your life.</description>
        <platform>all</platform>
        <forum>https://www.tvaddons.co/forums/</forum>
        <website>https://www.tvaddons.co/</website>
    </extension>
</addon>
