<?xml version="1.0" encoding="UTF-8"?>
<addon id="plugin.video.blr" name="Bad Lip Reading" provider-name="mhancoc7" version="0.3.1">
    <requires>
        <import addon="xbmc.python" version="2.1.0" />
        <import addon="script.module.liveresolver"/>
    </requires>
    <extension library="main.py" point="xbmc.python.pluginsource">
        <provides>video</provides>
    </extension>
    <extension point="xbmc.addon.metadata">
        <summary>Bad Lip Reading</summary>
        <description>Please visit [COLOR blue]https://www.tvaddons.co[/COLOR] for addon support! All the best of Bad Lip Reading!</description>
        <platform>all</platform>
        <forum>https://www.tvaddons.co/forums/</forum>
        <website>https://www.tvaddons.co/</website>
    </extension>
</addon>
